{
    "position": [
        -8.252969741821289,
        19.48789405822754,
        -47.13925552368164
    ],
    "rotation": [
        6.007752431673175,
        -12.914295432643852,
        1.6678460709005483
    ]
}