{
    "position": [
        -3.9646172523498535,
        500,
        -66.27665710449219
    ],
    "rotation": [
        6.005935601353952,
        -12.859453282476881,
        1.6738823573012527
    ]
}